Date,Open,High,Low,Close,Adj Close,Volume
2025-01-03,192.73,194.50,191.35,193.13,193.13,12864800
2025-01-02,191.49,193.20,188.71,190.63,190.63,17545200
2024-12-31,192.45,193.25,189.58,190.44,190.44,14355200
2024-12-30,190.87,193.78,190.36,192.69,192.69,12209500
2024-12-27,196.47,196.80,191.97,194.04,194.04,14693000
2024-12-26,196.74,198.16,195.87,197.10,197.10,7907900
2024-12-24,196.17,197.67,195.20,197.57,197.57,6809800
2024-12-23,194.03,196.49,191.63,195.99,195.99,15235900
2024-12-20,187.01,194.13,186.37,192.96,192.96,45319700
2024-12-19,193.28,194.60,189.52,189.70,189.70,26981200
2024-12-18,196.83,198.69,189.28,190.15,190.15,27638400
2024-12-17,198.53,202.88,196.69,197.12,197.12,24129500
2024-12-16,194.37,200.64,194.11,198.16,198.16,32248600
2024-12-13,192.71,194.34,191.26,191.38,191.38,18883200
2024-12-12,196.30,196.71,193.28,193.63,193.63,25197800
2024-12-11,186.70,196.89,186.26,196.71,196.71,41664500
2024-12-10,184.54,188.03,182.67,186.53,186.53,34317400
2024-12-09,0.20 Dividend
2024-12-09,175.71,178.04,175.40,177.10,177.10,19887800
2024-12-06,173.88,176.84,173.55,176.49,176.29,13319500
2024-12-05,177.32,177.71,174.01,174.31,174.11,16145500
2024-12-04,172.78,176.43,172.75,176.09,175.89,18239800
2024-12-03,173.12,174.32,172.51,173.02,172.82,15721500
2024-12-02,170.32,173.60,170.27,172.98,172.78,16593400
2024-11-29,170.06,170.87,168.75,170.49,170.30,9250700
2024-11-27,170.68,171.14,169.67,170.82,170.63,12433400
2024-11-26,169.49,171.49,169.43,170.62,170.43,14937500
2024-11-25,167.99,170.46,167.40,169.43,169.24,21395700
2024-11-22,167.16,168.26,165.71,166.57,166.38,24497000
2024-11-21,175.46,175.58,165.31,169.24,169.05,38839400
2024-11-20,178.83,179.11,175.33,177.33,177.13,15729800
2024-11-19,175.24,180.17,175.12,179.58,179.38,15392900
2024-11-18,174.96,176.91,174.42,176.80,176.60,18725400
2024-11-15,175.64,175.88,172.74,173.89,173.69,21708900
2024-11-14,179.75,180.45,176.03,177.35,177.15,17925800
2024-11-13,182.15,182.62,180.12,180.49,180.29,13969700
2024-11-12,181.38,184.02,180.99,183.32,183.11,14065800
2024-11-11,180.07,182.09,179.99,181.97,181.76,12503400
2024-11-08,182.00,182.35,179.57,179.86,179.66,15021500
2024-11-07,179.11,182.58,178.89,182.28,182.07,16730400
2024-11-06,175.35,178.64,175.04,178.33,178.13,27061500
2024-11-05,170.83,172.10,170.37,171.41,171.22,12518300
2024-11-04,171.24,171.92,169.49,170.68,170.49,16194000
2024-11-01,171.54,173.82,170.31,172.65,172.45,21752900
2024-10-31,174.72,178.42,172.56,172.69,172.49,32801900
2024-10-30,182.41,183.79,175.74,176.14,175.94,49698300
2024-10-29,169.38,171.86,168.66,171.14,170.95,28916100
2024-10-28,170.59,170.61,165.79,168.34,168.15,20858300
2024-10-25,165.37,167.40,165.23,166.99,166.80,14566400
2024-10-24,164.59,165.05,162.77,164.53,164.34,12764400
2024-10-23,166.43,167.60,163.63,164.48,164.29,12754300
2024-10-22,164.70,167.47,164.67,166.82,166.63,11958600
2024-10-21,164.58,166.22,164.30,165.80,165.61,11384000
2024-10-18,164.87,166.37,164.75,165.05,164.86,13091300
2024-10-17,167.38,167.93,164.37,164.51,164.32,15113400
2024-10-16,166.03,167.28,165.22,166.74,166.55,9968500
2024-10-15,167.14,169.09,166.05,166.90,166.71,14829300
2024-10-14,164.91,167.62,164.78,166.35,166.16,9981800
2024-10-11,163.33,165.27,162.50,164.52,164.33,10946000
2024-10-10,162.11,164.31,161.64,163.18,163.00,12900500
2024-10-09,164.85,166.26,161.12,163.06,162.88,19666400
2024-10-08,165.43,166.10,164.31,165.70,165.51,11723900
2024-10-07,169.14,169.90,164.13,164.39,164.20,14034700
2024-10-04,169.34,169.55,166.96,168.56,168.37,11422100
2024-10-03,165.82,167.91,165.37,167.21,167.02,11004300
2024-10-02,167.76,168.88,166.25,167.31,167.12,12745000
2024-10-01,168.86,170.44,165.90,168.42,168.23,18629500
2024-09-30,164.78,167.36,164.64,167.19,167.00,14070100
2024-09-27,163.91,166.97,163.83,165.29,165.10,13604300
2024-09-26,165.03,165.50,163.50,163.83,163.64,18234500
2024-09-25,162.97,164.22,162.77,162.99,162.81,13607900
2024-09-24,164.25,164.55,162.03,163.64,163.45,18774100
2024-09-23,165.34,166.61,162.95,163.07,162.89,15648400
2024-09-20,164.52,164.75,163.18,164.64,164.45,46362700
2024-09-19,164.82,164.99,162.52,163.24,163.06,17548200
2024-09-18,160.85,161.63,159.66,160.81,160.63,16756500
2024-09-17,160.09,161.59,159.41,160.28,160.10,12064800
2024-09-16,158.33,159.24,157.61,158.99,158.81,14157600
2024-09-13,156.36,159.27,156.11,158.37,158.19,16733900
2024-09-12,154.81,155.61,153.50,155.54,155.36,21024100
2024-09-11,151.09,152.48,148.70,152.15,151.98,18991500
2024-09-10,151.45,152.30,149.54,150.01,149.84,20401800
2024-09-09,0.20 Dividend
2024-09-09,153.63,154.64,148.20,149.54,149.37,28057700
2024-09-06,158.69,159.22,151.93,152.13,151.76,24999100
2024-09-05,157.78,161.01,157.52,158.60,158.21,14139500
2024-09-04,158.07,160.40,157.44,157.81,157.42,17410700
2024-09-03,163.32,163.38,157.85,158.61,158.22,26533100
2024-08-30,164.22,165.28,163.41,165.11,164.71,18498800
2024-08-29,166.06,167.63,161.98,163.40,163.00,17133800
2024-08-28,166.78,167.39,163.28,164.50,164.10,15208700
2024-08-27,167.61,168.24,166.16,166.38,165.97,13718200
2024-08-26,168.15,169.38,166.32,167.93,167.52,11990300
2024-08-23,166.55,167.95,165.66,167.43,167.02,14281600
2024-08-22,169.04,169.42,165.03,165.49,165.09,19123800
2024-08-21,166.99,168.64,166.57,167.63,167.22,15269600
2024-08-20,168.74,170.41,168.66,168.96,168.55,12622500
2024-08-19,167.00,168.47,166.09,168.40,167.99,13100800
2024-08-16,163.41,166.95,163.08,164.74,164.34,16853100
2024-08-15,162.21,163.52,161.49,163.17,162.77,18392500
2024-08-14,164.21,164.96,159.53,162.03,161.63,22515900
2024-08-13,165.18,166.54,164.77,165.93,165.52,12717600
2024-08-12,165.99,166.70,163.55,163.95,163.55,12435000
2024-08-09,161.65,165.52,160.93,165.39,164.99,13549200
2024-08-08,162.34,165.50,162.03,163.84,163.44,15733600
2024-08-07,163.24,164.79,160.24,160.75,160.36,19334200
2024-08-06,160.95,162.35,158.13,160.54,160.15,36146500
2024-08-05,157.37,165.94,156.60,160.64,160.25,34907800
2024-08-02,168.19,170.21,166.39,168.40,167.99,18907800
2024-08-01,171.98,175.68,170.51,172.45,172.03,17177800
2024-07-31,174.92,175.91,171.72,173.15,172.73,15650200
2024-07-30,171.83,172.95,170.12,171.86,171.44,13681400
2024-07-29,170.50,172.16,169.72,171.13,170.71,13768900
2024-07-26,168.77,169.84,165.87,168.68,168.27,25150100
2024-07-25,174.25,175.20,169.05,169.16,168.75,28967900
2024-07-24,175.39,177.95,173.57,174.37,173.94,31250700
2024-07-23,183.84,185.22,183.33,183.60,183.15,23772600
2024-07-22,182.35,184.30,181.90,183.35,182.90,16303900
2024-07-19,180.37,181.97,178.86,179.39,178.95,14485900
2024-07-18,183.54,184.05,178.21,179.22,178.78,17877200
2024-07-17,184.68,185.23,181.62,182.62,182.17,17376600
2024-07-16,188.96,190.34,185.12,185.50,185.05,12760100
2024-07-15,186.49,189.90,186.49,188.19,187.73,12186000
2024-07-12,186.92,188.69,186.14,186.78,186.32,14449100
2024-07-11,191.34,192.41,186.82,187.30,186.84,16452000
2024-07-10,190.75,193.31,190.62,192.66,192.19,12052900
2024-07-09,191.75,192.86,190.23,190.44,189.97,10198500
2024-07-08,191.37,191.68,189.32,190.48,190.01,12097600
2024-07-05,187.32,192.26,187.32,191.96,191.49,14303400
2024-07-03,186.30,187.62,185.38,187.39,186.93,7409100
2024-07-02,183.47,186.95,183.06,186.61,186.15,12555500
2024-07-01,184.48,185.34,182.73,184.49,184.04,11815900
2024-06-28,185.72,186.58,183.32,183.42,182.97,23032400
2024-06-27,185.65,187.50,185.45,186.86,186.40,13025700
2024-06-26,184.20,185.93,183.99,185.37,184.92,13375700
2024-06-25,181.15,185.75,181.10,185.58,185.13,18917700
2024-06-24,181.28,182.08,180.23,180.79,180.35,18198300
2024-06-21,178.49,182.51,178.06,180.26,179.82,59728000
2024-06-20,176.71,178.74,176.46,177.71,177.28,16753200
2024-06-18,178.79,178.91,175.62,176.45,176.02,15640300
2024-06-17,176.98,179.92,176.49,178.78,178.34,15272900
2024-06-14,175.85,178.73,175.85,178.37,177.93,12361600
2024-06-13,177.84,178.51,176.66,176.74,176.31,15956900
2024-06-12,179.75,182.08,177.78,179.56,179.12,18600400
2024-06-11,177.72,178.39,175.44,178.19,177.75,14402400
2024-06-10,0.20 Dividend
2024-06-10,176.45,178.47,174.38,176.63,176.20,17122200
2024-06-07,178.46,179.42,175.79,175.95,175.32,14716300
2024-06-06,177.43,178.71,177.21,178.35,177.71,14255800
2024-06-05,176.54,177.97,175.29,177.07,176.44,15233900
2024-06-04,174.45,175.19,173.22,175.13,174.50,14066600
2024-06-03,173.88,175.86,172.45,174.42,173.80,20742800
2024-05-31,173.40,174.42,170.97,173.96,173.34,28085200
2024-05-30,176.69,176.69,173.23,173.56,172.94,18844000
2024-05-29,176.81,178.23,176.26,177.40,176.76,15023800
2024-05-28,175.74,178.51,175.68,178.02,177.38,15655300
2024-05-24,176.52,177.30,175.20,176.33,175.70,11400600
2024-05-23,178.78,179.91,174.54,175.06,174.43,14928400
2024-05-22,178.40,178.85,176.78,178.00,177.36,16189400
2024-05-21,178.40,179.82,177.31,179.54,178.90,14706000
2024-05-20,177.31,179.95,177.23,178.46,177.82,17495100
2024-05-17,175.55,177.49,174.98,177.29,176.66,16546400
2024-05-16,174.60,176.34,174.05,175.43,174.80,17247300
2024-05-15,172.30,174.05,172.03,173.88,173.26,20958200
2024-05-14,171.59,172.78,170.42,171.93,171.31,18729500
2024-05-13,165.85,170.95,165.76,170.90,170.29,19648600
2024-05-10,169.69,171.34,167.91,170.29,169.68,18740500
2024-05-09,171.15,172.44,169.93,171.58,170.97,11937700
2024-05-08,170.75,171.91,170.52,171.16,170.55,14569900
2024-05-07,170.12,173.47,170.00,172.98,172.36,21102400
2024-05-06,169.22,169.90,167.89,169.83,169.22,15147900
2024-05-03,169.54,169.85,164.98,168.99,168.38,22767100
2024-05-02,166.67,168.53,165.69,168.46,167.86,17041100
2024-05-01,166.18,168.81,164.90,165.57,164.98,25223200
2024-04-30,167.38,169.87,164.50,164.64,164.05,29420800
2024-04-29,170.77,171.38,167.06,167.90,167.30,35914600
2024-04-26,175.99,176.42,171.40,173.69,173.07,56500800
2024-04-25,153.36,158.28,152.77,157.95,157.38,36197800
2024-04-24,159.09,161.39,158.82,161.10,160.52,19485700
2024-04-23,158.59,160.48,157.96,159.92,159.35,16115400
2024-04-22,156.01,159.18,155.66,157.95,157.38,17243900
2024-04-19,157.75,157.99,153.91,155.72,155.16,20063900
2024-04-18,156.93,158.49,156.21,157.46,156.90,14016100
2024-04-17,157.19,158.68,156.13,156.88,156.32,16237800
2024-04-16,155.64,157.23,155.05,156.00,155.44,15413200
2024-04-15,160.28,160.83,156.15,156.33,155.77,21140900
2024-04-12,159.40,161.70,158.60,159.19,158.62,16968200
2024-04-11,158.34,161.12,157.93,160.79,160.21,17841700
2024-04-10,157.88,158.16,156.20,157.66,157.10,16339200
2024-04-09,157.35,159.89,156.64,158.14,157.57,21538100
2024-04-08,154.01,156.65,153.99,156.14,155.58,16641500
2024-04-05,151.68,154.84,151.08,153.94,153.39,16289800
2024-04-04,155.08,156.18,151.88,151.94,151.40,24184800
2024-04-03,154.92,156.55,154.13,156.37,155.81,17266200
2024-04-02,154.75,155.99,153.46,155.87,155.31,17598100
2024-04-01,151.83,157.00,151.65,156.50,155.94,24469800
2024-03-28,152.00,152.67,151.33,152.26,151.71,21105600
2024-03-27,152.15,152.69,150.13,151.94,151.40,16622000
2024-03-26,151.24,153.20,151.03,151.70,151.16,19312700
2024-03-25,150.95,151.46,148.80,151.15,150.61,15114700
2024-03-22,150.24,152.56,150.09,151.77,151.23,19226300
2024-03-21,150.32,151.30,148.01,148.74,148.21,19843900
2024-03-20,148.79,149.76,147.66,149.68,149.14,17730000
2024-03-19,148.98,149.62,147.01,147.92,147.39,17748400
2024-03-18,149.37,152.93,148.14,148.48,147.95,47676700
2024-03-15,143.41,144.34,141.13,142.17,141.66,41025900
2024-03-14,142.30,144.73,141.49,144.34,143.82,36117900
2024-03-13,140.06,142.19,140.01,140.77,140.27,19637000
2024-03-12,138.25,140.28,138.21,139.62,139.12,19019700
2024-03-11,137.07,139.98,137.07,138.94,138.44,22536400
2024-03-08,135.04,138.99,134.80,136.29,135.80,26472400
2024-03-07,133.89,135.82,132.66,135.24,134.76,24107300
2024-03-06,134.24,134.74,131.95,132.56,132.09,23175200
2024-03-05,132.74,134.02,131.55,133.78,133.30,28447600
2024-03-04,136.54,136.63,132.86,134.20,133.72,43571500
2024-03-01,139.61,140.00,137.98,138.08,137.59,28522000
2024-02-29,138.35,139.95,137.57,139.78,139.28,35485000
2024-02-28,139.10,139.28,136.64,137.43,136.94,30628700
2024-02-27,139.41,140.49,138.50,140.10,139.60,22364000
2024-02-26,143.45,143.84,138.74,138.75,138.25,33513000
2024-02-23,144.97,145.96,144.79,145.29,144.77,14519400
2024-02-22,146.12,146.20,144.01,145.32,144.80,23024700
2024-02-21,142.64,143.98,141.91,143.84,143.33,16499600
2024-02-20,140.94,143.33,140.80,142.20,141.69,18625600
2024-02-16,144.21,144.48,141.52,141.76,141.25,21849700
2024-02-15,144.46,144.76,141.88,143.94,143.42,26724300
2024-02-14,147.37,147.83,145.55,147.14,146.61,16651800
2024-02-13,146.07,148.04,145.11,146.37,145.85,18138500
2024-02-12,149.54,150.59,148.56,148.73,148.20,17236100
2024-02-09,147.95,150.70,147.43,150.22,149.68,21877700
2024-02-08,146.97,147.61,146.42,147.22,146.69,18241300
2024-02-07,146.12,147.00,145.21,146.68,146.15,21436100
2024-02-06,145.96,146.74,144.52,145.41,144.89,21517700
2024-02-05,144.04,146.67,143.91,144.93,144.41,29254400
2024-02-02,140.89,143.88,138.17,143.54,143.03,42116900
2024-02-01,143.69,144.62,142.26,142.71,142.20,25526900
2024-01-31,145.39,145.59,141.55,141.80,141.29,43908600
2024-01-30,154.01,155.04,152.77,153.05,152.50,26578900
2024-01-29,153.64,155.20,152.92,154.84,154.29,20909300
2024-01-26,152.87,154.11,152.80,153.79,153.24,19494500
2024-01-25,151.74,154.76,151.22,153.64,153.09,21495100
2024-01-24,150.29,151.57,149.84,150.35,149.81,19245000
2024-01-23,147.72,148.86,147.19,148.68,148.15,14113600
2024-01-22,148.71,150.01,147.58,147.71,147.18,21829200
2024-01-19,146.30,148.04,145.80,147.97,147.44,27170900
2024-01-18,143.44,145.59,143.35,144.99,144.47,18876800
2024-01-17,142.91,143.41,140.51,142.89,142.38,17884500
2024-01-16,143.43,145.84,143.06,144.08,143.56,19198900
2024-01-12,144.34,144.74,143.36,144.24,143.72,13995200
2024-01-11,144.90,146.66,142.21,143.67,143.16,17471100
2024-01-10,142.52,144.52,142.46,143.80,143.29,16641900
2024-01-09,140.06,142.80,139.79,142.56,142.05,19579700
2024-01-08,138.00,140.64,137.88,140.53,140.03,17645300
2024-01-05,138.35,138.81,136.85,137.39,136.90,15433200
2024-01-04,139.85,140.63,138.01,138.04,137.55,18253300
2024-01-03,138.60,141.09,138.43,140.36,139.86,18974300
2024-01-02,139.60,140.62,137.74,139.56,139.06,20071900
2023-12-29,140.68,141.43,139.90,140.93,140.43,14872700
2023-12-28,141.85,142.27,140.83,141.28,140.77,12192500
2023-12-27,142.83,143.32,141.05,141.44,140.93,17288400
2023-12-26,142.98,143.95,142.50,142.82,142.31,11170100
2023-12-22,142.13,143.25,142.05,142.72,142.21,18494700
2023-12-21,140.77,142.03,140.47,141.80,141.29,18101500
2023-12-20,140.33,143.08,139.41,139.66,139.16,33507300
2023-12-19,138.00,138.77,137.45,138.10,137.61,20661000
2023-12-18,133.86,138.38,133.77,137.19,136.70,25699800
2023-12-15,132.92,134.83,132.63,133.84,133.36,58569400
2023-12-14,134.77,135.04,131.06,133.20,132.72,29619100
2023-12-13,134.54,134.78,132.95,133.97,133.49,25414500
2023-12-12,133.27,134.54,132.83,133.64,133.16,26584000
2023-12-11,133.82,134.79,132.89,134.70,134.22,24502900
2023-12-08,135.66,137.99,135.57,136.64,136.15,22990900
2023-12-07,136.60,140.00,136.23,138.45,137.95,38419400
2023-12-06,132.90,133.31,131.31,131.43,130.96,16360600
2023-12-05,130.37,133.54,129.73,132.39,131.92,19235100
2023-12-04,131.29,131.45,129.40,130.63,130.16,24117100
2023-12-01,133.32,133.50,132.15,133.32,132.84,24258400
2023-11-30,136.40,136.96,132.79,133.92,133.44,29913500
2023-11-29,138.99,139.67,136.29,136.40,135.91,21014700
2023-11-28,137.63,138.66,137.04,138.62,138.12,17046900
2023-11-27,137.57,139.63,137.54,138.05,137.56,17886400
2023-11-24,139.54,139.68,137.47,138.22,137.73,8828600
2023-11-22,139.10,141.10,139.00,140.02,139.52,17306400
2023-11-21,137.94,138.96,137.71,138.62,138.12,17648100
2023-11-20,135.50,138.43,135.49,137.92,137.43,19569400
2023-11-17,137.82,138.00,135.48,136.94,136.45,25565300
2023-11-16,136.96,138.88,136.08,138.70,138.20,17615100
2023-11-15,136.64,136.84,135.33,136.38,135.89,15840900
2023-11-14,135.65,137.24,135.10,135.43,134.95,22317300
2023-11-13,133.36,134.11,132.77,133.64,133.16,16409900
2023-11-10,131.53,134.27,130.87,134.06,133.58,20872900
2023-11-09,133.36,133.96,131.51,131.69,131.22,17976500
2023-11-08,132.36,133.54,132.16,133.26,132.78,15093600
2023-11-07,131.98,133.28,131.14,132.40,131.93,19223800
2023-11-06,130.22,131.56,129.93,131.45,130.98,15360400
2023-11-03,129.09,130.73,129.01,130.37,129.90,19517900
2023-11-02,129.56,130.09,128.11,128.58,128.12,24091700
2023-11-01,125.34,127.74,124.93,127.57,127.11,26536600
2023-10-31,126.27,126.56,123.93,125.30,124.85,21123400
2023-10-30,124.46,126.55,123.88,125.75,125.30,24165600
2023-10-27,124.03,124.44,121.46,123.40,122.96,37367700
2023-10-26,124.47,125.46,122.32,123.44,123.00,33907400
2023-10-25,129.77,130.10,126.09,126.67,126.22,58796100
2023-10-24,139.16,140.71,138.75,140.12,139.62,26535200
2023-10-23,136.23,139.02,135.11,137.90,137.41,20780700
2023-10-20,138.59,139.04,136.24,136.74,136.25,24953900
2023-10-19,139.80,141.01,138.60,138.98,138.48,21831200
2023-10-18,140.75,141.99,138.71,139.28,138.78,18304900
2023-10-17,140.03,141.25,138.53,140.99,140.49,17424000
2023-10-16,139.73,140.90,139.32,140.49,139.99,17345600
2023-10-13,140.65,141.34,137.97,138.58,138.08,19438700
2023-10-12,142.16,142.38,139.45,140.29,139.79,18173100
2023-10-11,139.85,142.22,139.84,141.70,141.19,20146300
2023-10-10,139.51,140.74,138.43,139.20,138.70,19554900
2023-10-09,137.99,139.97,136.70,139.50,139.00,16599100
2023-10-06,134.94,139.19,134.94,138.73,138.23,20819300
2023-10-05,136.13,136.50,134.46,135.99,135.50,15922900
2023-10-04,133.66,136.57,133.43,136.27,135.78,22848000
2023-10-03,134.93,135.24,132.82,133.30,132.82,19628700
2023-10-02,132.15,135.36,132.07,135.17,134.69,19210400
2023-09-29,134.08,134.89,131.32,131.85,131.38,23224200
2023-09-28,130.69,134.18,130.69,133.13,132.65,18201400
2023-09-27,129.44,131.72,129.38,131.46,130.99,18764200
2023-09-26,130.91,131.40,128.19,129.45,128.99,20378800
2023-09-25,130.77,132.22,130.03,132.17,131.70,14650000
2023-09-22,131.68,133.01,130.51,131.25,130.78,17348700
2023-09-21,132.39,133.19,131.09,131.36,130.89,22042700
2023-09-20,138.83,138.84,134.52,134.59,134.11,21473500
2023-09-19,138.25,139.18,137.50,138.83,138.33,15479100
2023-09-18,137.63,139.93,137.63,138.96,138.46,16233600
2023-09-15,138.80,139.36,137.18,138.30,137.80,48947600
2023-09-14,138.39,139.55,137.06,138.99,138.49,19064600
2023-09-13,135.90,137.70,134.93,137.50,137.01,16394900
2023-09-12,137.13,137.64,135.93,136.07,135.58,15212900
2023-09-11,137.38,138.26,136.55,137.74,137.25,17180800
2023-09-08,135.87,137.51,135.87,137.20,136.71,17810700
2023-09-07,134.60,136.58,133.96,136.20,135.71,16976000
2023-09-06,137.01,137.48,134.69,135.37,134.89,15814300
2023-09-05,136.44,137.37,135.56,136.71,136.22,17730200
2023-09-01,138.43,138.58,135.94,136.80,136.31,16665700
2023-08-31,137.05,138.40,136.82,137.35,136.86,28147900
2023-08-30,135.57,137.25,135.02,136.93,136.44,21773400
2023-08-29,133.00,137.29,132.98,135.49,135.00,30803300
2023-08-28,132.08,133.24,130.85,131.79,131.32,16715500
2023-08-25,130.14,131.40,128.04,130.69,130.22,20678100
2023-08-24,134.73,134.97,130.30,130.42,129.95,18680400
2023-08-23,130.85,134.07,130.51,133.21,132.73,26497000
2023-08-22,129.13,130.95,128.93,129.69,129.23,15569400
2023-08-21,127.85,129.26,127.16,128.93,128.47,21851100
2023-08-18,129.06,129.83,127.00,128.11,127.65,23619400
2023-08-17,130.45,132.49,129.85,130.46,129.99,23665600
2023-08-16,129.28,130.90,128.46,129.11,128.65,17548400
2023-08-15,131.59,131.99,129.82,130.27,129.80,14769200
2023-08-14,129.85,131.91,129.59,131.83,131.36,17526200
2023-08-11,129.20,130.44,128.75,130.17,129.70,15191500
2023-08-10,131.97,132.65,130.04,130.21,129.74,17855700
2023-08-09,132.19,132.47,129.51,130.15,129.68,17745200
2023-08-08,130.98,131.94,130.13,131.84,131.37,16836000
2023-08-07,129.51,132.06,129.43,131.94,131.47,17621000
2023-08-04,129.60,131.93,128.32,128.54,128.08,20509500
2023-08-03,128.37,129.77,127.78,128.77,128.31,15018100
2023-08-02,129.84,130.42,127.85,128.64,128.18,22705800
2023-08-01,130.85,132.92,130.75,131.89,131.42,22154300
2023-07-31,133.01,133.83,132.13,133.11,132.63,18381900
2023-07-28,130.97,134.07,130.92,133.01,132.53,26971000
2023-07-27,131.80,133.60,129.18,129.87,129.41,35931600
2023-07-26,130.36,131.37,128.71,129.66,129.20,46216900
2023-07-25,121.88,123.69,121.53,122.79,122.35,31820800
2023-07-24,121.93,123.35,121.38,121.88,121.44,22276100
2023-07-21,120.87,121.30,119.07,120.31,119.88,56498100
2023-07-20,122.12,124.70,118.68,119.53,119.10,27541700
2023-07-19,124.79,125.47,122.47,122.78,122.34,22313800
2023-07-18,124.90,124.99,123.30,124.08,123.64,21071200
2023-07-17,126.06,127.28,124.50,125.06,124.61,20675300
2023-07-14,125.13,127.09,124.90,125.70,125.25,20482800
2023-07-13,121.54,125.33,121.06,124.83,124.38,31535900
2023-07-12,119.30,120.96,119.00,119.62,119.19,22059600
2023-07-11,116.76,118.22,115.83,117.71,117.29,18286600
2023-07-10,119.07,119.07,116.64,116.87,116.45,32960100
2023-07-07,120.89,121.75,120.09,120.14,119.71,20982400
2023-07-06,120.64,121.15,119.25,120.93,120.50,17732500
2023-07-05,120.06,123.37,120.06,122.63,122.19,17830300
2023-07-03,120.32,121.02,119.71,120.56,120.13,13888300
2023-06-30,121.10,122.03,120.88,120.97,120.54,23865800
2023-06-29,120.09,120.91,119.21,120.01,119.58,18517500
2023-06-28,117.96,121.27,117.60,121.08,120.65,19753100
2023-06-27,117.84,119.89,116.91,119.01,118.58,27221700
2023-06-26,121.47,122.72,118.99,119.09,118.66,23185000
2023-06-23,122.04,123.44,121.86,123.02,122.58,29542900
2023-06-22,120.66,123.93,119.60,123.87,123.43,20781900
2023-06-21,123.24,123.41,120.86,121.26,120.83,22612000
2023-06-20,123.54,125.18,122.83,123.85,123.41,22698000
2023-06-16,126.70,126.70,123.79,124.06,123.62,56686800
2023-06-15,123.88,126.16,123.14,125.79,125.34,24517100
2023-06-14,123.80,124.79,122.16,124.38,123.93,24659600
2023-06-13,125.65,125.86,123.85,124.43,123.98,19287700
2023-06-12,123.39,124.75,122.35,124.35,123.90,22255700
2023-06-09,122.56,124.29,122.42,122.87,122.43,20304500
2023-06-08,122.58,123.73,122.01,122.67,122.23,24815000
2023-06-07,127.57,129.55,122.63,122.94,122.50,34179300
2023-06-06,126.60,128.88,125.97,127.91,127.45,19450100
2023-06-05,124.61,127.99,124.38,126.63,126.18,22672500
2023-06-02,124.49,126.75,124.35,125.23,124.78,19362400
2023-06-01,123.50,125.04,123.30,124.37,123.92,25017700
2023-05-31,123.70,124.90,123.10,123.37,122.93,41548800
2023-05-30,126.29,126.38,122.89,124.64,124.19,27230700
2023-05-26,124.07,126.00,123.29,125.43,124.98,25154700
2023-05-25,125.21,125.98,122.90,124.35,123.90,33812700
2023-05-24,121.88,122.75,120.75,121.64,121.20,23087900
2023-05-23,124.93,125.42,123.05,123.29,122.85,24477900
2023-05-22,123.51,127.05,123.45,125.87,125.42,29760200
2023-05-19,124.20,126.48,122.72,123.25,122.81,30251300
2023-05-18,121.56,123.90,121.49,123.52,123.08,27014500
2023-05-17,120.18,122.28,119.46,121.48,121.05,26659600
2023-05-16,116.83,121.20,116.83,120.09,119.66,32370100
2023-05-15,116.49,118.79,116.48,116.96,116.54,22107900
2023-05-12,117.00,118.26,116.55,117.92,117.50,31272500
2023-05-11,115.86,118.44,114.93,116.90,116.48,57115100
2023-05-10,108.55,113.51,108.48,112.28,111.88,47533500
2023-05-09,108.78,110.60,107.72,107.94,107.55,24782400
2023-05-08,105.79,108.42,105.79,108.24,107.85,17266000
2023-05-05,105.32,106.44,104.74,106.21,105.83,20705300
2023-05-04,106.16,106.30,104.70,105.21,104.83,19780600
2023-05-03,106.22,108.13,105.62,106.12,105.74,17116300
2023-05-02,107.66,107.73,104.50,105.98,105.60,20343100
2023-05-01,107.72,108.68,107.50,107.71,107.32,20926300
2023-04-28,107.80,108.29,106.04,108.22,107.83,23957900
2023-04-27,105.23,109.15,104.42,108.37,107.98,38235200
2023-04-26,105.56,107.02,103.27,104.45,104.08,37068200
2023-04-25,106.61,107.44,104.56,104.61,104.24,31408100
2023-04-24,106.05,107.32,105.36,106.78,106.40,21410900
2023-04-21,106.09,106.64,105.49,105.91,105.53,22379000
2023-04-20,104.65,106.89,104.64,105.90,105.52,22515300
2023-04-19,104.21,105.72,103.80,105.02,104.64,16732000
2023-04-18,107.00,107.05,104.78,105.12,104.74,17641400
2023-04-17,105.43,106.71,105.32,106.42,106.04,29043400
2023-04-14,107.69,109.58,107.59,109.46,109.07,20758700
2023-04-13,106.47,108.26,106.44,108.19,107.80,21650700
2023-04-12,107.39,107.59,104.97,105.22,104.84,22761600
2023-04-11,106.92,107.22,105.28,106.12,105.74,18721300
2023-04-10,107.39,107.97,105.60,106.95,106.57,19741500
2023-04-06,105.77,109.63,104.82,108.90,108.51,34684200
2023-04-05,106.12,106.54,104.10,104.95,104.57,21864200
2023-04-04,104.84,106.10,104.60,105.12,104.74,20377200
2023-04-03,102.67,104.95,102.38,104.91,104.53,20719900
2023-03-31,101.71,104.19,101.44,104.00,103.63,28108000
2023-03-30,101.44,101.61,100.29,101.32,100.96,25009800
2023-03-29,102.72,102.82,101.03,101.90,101.54,26148300
2023-03-28,103.00,103.00,100.28,101.36,101.00,24913500
2023-03-27,105.32,105.40,102.63,103.06,102.69,25393400
2023-03-24,105.74,106.16,104.74,106.06,105.68,25236200
2023-03-23,105.89,107.10,105.41,106.26,105.88,31385800
2023-03-22,105.14,107.51,104.21,104.22,103.85,32336900
2023-03-21,101.98,105.96,101.86,105.84,105.46,33122800
2023-03-20,101.06,102.58,100.79,101.93,101.57,26033900
2023-03-17,100.84,103.49,100.75,102.46,102.09,76140300
2023-03-16,96.57,101.97,95.87,101.07,100.71,54499500
2023-03-15,93.54,97.25,93.04,96.55,96.20,38367300
2023-03-14,93.07,94.83,92.78,94.25,93.91,32303900
2023-03-13,90.57,93.08,89.94,91.66,91.33,31508600
2023-03-10,92.50,93.18,90.80,91.01,90.68,32850100
2023-03-09,94.49,95.92,92.36,92.66,92.33,24438900
2023-03-08,94.40,96.24,94.40,94.65,94.31,25395200
2023-03-07,95.42,96.09,93.84,94.17,93.83,24101500
2023-03-06,94.36,96.30,94.30,95.58,95.24,28288200
2023-03-03,92.74,94.11,92.66,94.02,93.68,30242500
2023-03-02,89.86,92.48,89.77,92.31,91.98,23328600
2023-03-01,90.16,91.20,89.85,90.51,90.19,26323900
2023-02-28,89.54,91.45,89.52,90.30,89.98,30546900
2023-02-27,90.09,90.45,89.61,90.10,89.78,22724300
2023-02-24,89.63,90.13,88.86,89.35,89.03,31295600
2023-02-23,92.13,92.13,90.01,91.07,90.74,32423700
2023-02-22,91.93,92.36,90.87,91.80,91.47,29891100
2023-02-21,93.24,93.42,92.00,92.05,91.72,28367200
2023-02-17,95.07,95.75,93.45,94.59,94.25,31095100
2023-02-16,95.54,97.88,94.97,95.78,95.44,35642100
2023-02-15,94.74,97.34,94.36,97.10,96.75,36964500
2023-02-14,94.66,95.18,92.65,94.95,94.61,42513100
2023-02-13,95.01,95.35,94.05,95.00,94.66,43116600
2023-02-10,95.74,97.02,94.53,94.86,94.52,49325300
2023-02-09,100.54,100.61,93.86,95.46,95.12,97798600
2023-02-08,102.69,103.58,98.46,100.00,99.64,73546000
2023-02-07,103.63,108.67,103.55,108.04,107.65,33738800
2023-02-06,102.68,104.70,102.21,103.47,103.10,25573000
2023-02-03,103.51,108.02,103.30,105.22,104.84,36823400
2023-02-02,106.79,108.82,106.54,108.80,108.41,46622600
2023-02-01,99.74,102.19,98.42,101.43,101.07,26392600
2023-01-31,97.86,99.91,97.79,99.87,99.51,22306800
2023-01-30,98.75,99.41,97.52,97.95,97.60,24365100
2023-01-27,99.05,101.58,98.97,100.71,100.35,29020400
2023-01-26,98.28,99.21,96.82,99.16,98.80,24542100
2023-01-25,97.20,97.72,95.26,96.73,96.38,31000900
2023-01-24,99.55,101.09,98.70,99.21,98.85,27391400
2023-01-23,99.13,101.40,98.75,101.21,100.85,31791800
2023-01-20,95.95,99.42,95.91,99.28,98.92,53704800
2023-01-19,91.39,94.40,91.38,93.91,93.57,28707700
2023-01-18,92.94,93.59,91.40,91.78,91.45,19641600
2023-01-17,92.78,92.97,90.84,92.16,91.83,22935800
2023-01-13,91.53,92.98,90.93,92.80,92.47,18630700
2023-01-12,92.40,92.62,90.57,91.91,91.58,22754200
2023-01-11,90.06,92.45,89.74,92.26,91.93,25998800
2023-01-10,86.72,89.47,86.70,89.24,88.92,22855600
2023-01-09,89.19,90.83,88.58,88.80,88.48,22996700
2023-01-06,87.36,88.47,85.57,88.16,87.84,26612600
2023-01-05,88.07,88.21,86.56,86.77,86.46,23136100
2023-01-04,91.01,91.24,87.80,88.71,88.39,27046500
2023-01-03,89.83,91.55,89.02,89.70,89.38,20738500
2022-12-30,87.36,88.83,87.03,88.73,88.41,19190300
2022-12-29,87.03,89.36,86.99,88.95,88.63,18280700
2022-12-28,87.50,88.52,86.37,86.46,86.15,17879600
2022-12-27,89.31,89.50,87.54,87.93,87.62,15470900
2022-12-23,87.62,90.10,87.62,89.81,89.49,17815000
2022-12-22,88.93,89.18,86.94,88.26,87.94,23656100
2022-12-21,89.73,90.92,88.91,90.25,89.93,20336400
2022-12-20,88.73,89.78,88.04,89.63,89.31,21976800
2022-12-19,90.88,91.20,88.93,89.15,88.83,23020500
2022-12-16,91.20,91.75,90.01,90.86,90.53,48485500
2022-12-15,93.54,94.03,90.43,91.20,90.87,28298800
2022-12-14,95.54,97.22,93.94,95.31,94.97,26452900
2022-12-13,98.07,99.80,95.38,95.85,95.51,34788500
2022-12-12,93.09,93.88,91.90,93.56,93.23,27380900
2022-12-09,93.90,94.49,93.02,93.07,92.74,21885300
2022-12-08,95.69,95.87,93.80,93.95,93.61,25593200
2022-12-07,96.77,97.31,95.03,95.15,94.81,26647900
2022-12-06,99.67,100.21,96.76,97.31,96.96,20877600
2022-12-05,99.82,101.75,99.36,99.87,99.51,19955500
2022-12-02,99.37,101.15,99.17,100.83,100.47,18821500
2022-12-01,101.40,102.59,100.67,101.28,100.92,21771500
2022-11-30,95.12,101.45,94.67,101.45,101.09,39888100
2022-11-29,96.00,96.39,94.39,95.44,95.10,20220000
2022-11-28,97.20,97.83,95.89,96.25,95.91,19974500
2022-11-25,98.46,98.94,97.53,97.60,97.25,8567800
2022-11-23,97.34,99.07,97.34,98.82,98.47,17568900
2022-11-22,96.16,97.55,94.41,97.33,96.98,18868900
2022-11-21,97.56,98.72,95.67,95.83,95.49,18696900
2022-11-18,99.01,99.16,96.74,97.80,97.45,24969900
2022-11-17,97.18,99.48,97.10,98.50,98.15,21818700
2022-11-16,98.02,99.85,97.90,98.99,98.64,24660200
2022-11-15,98.67,100.42,97.02,98.72,98.37,31831000
2022-11-14,95.50,97.18,95.11,96.03,95.69,24170100
2022-11-11,94.71,97.36,94.16,96.73,96.38,30569100
2022-11-10,92.34,94.55,91.65,94.17,93.83,42371200
2022-11-09,88.54,89.49,87.36,87.40,87.09,26743900
2022-11-08,89.16,90.40,87.65,88.91,88.59,30172000
2022-11-07,87.34,88.94,86.96,88.65,88.33,26899900
2022-11-04,85.51,86.73,83.88,86.70,86.39,40173300
2022-11-03,86.35,86.55,83.45,83.49,83.19,48510400
2022-11-02,90.91,91.30,87.01,87.07,86.76,43553600
2022-11-01,95.59,96.17,90.43,90.50,90.18,43220600
2022-10-31,95.78,96.35,94.38,94.66,94.32,29868700
2022-10-28,92.53,96.86,92.32,96.58,96.23,35696900
2022-10-27,94.31,95.17,91.90,92.60,92.27,54036500
2022-10-26,96.76,98.54,94.57,94.82,94.48,71504300
2022-10-25,103.30,105.10,103.02,104.93,104.55,29910200
2022-10-24,102.09,103.10,100.30,102.97,102.60,24680800
2022-10-21,98.46,101.62,98.23,101.48,101.12,28988700
2022-10-20,100.82,103.00,99.97,100.53,100.17,25125100
2022-10-19,100.70,101.66,99.64,100.29,99.93,21573700
2022-10-18,103.94,104.22,100.65,101.39,101.03,21610500
2022-10-17,99.52,101.77,99.51,100.78,100.42,23311600
2022-10-14,100.63,101.29,97.03,97.18,96.83,22624800
2022-10-13,95.93,100.53,95.27,99.71,99.35,32812200
2022-10-12,98.27,99.65,97.67,98.30,97.95,17343400
2022-10-11,98.25,100.12,97.25,98.05,97.70,21617700
2022-10-10,99.85,99.99,97.87,98.71,98.36,16529900
2022-10-07,100.65,101.42,99.21,99.57,99.21,24249900
2022-10-06,101.50,103.73,101.50,102.24,101.87,17156200
2022-10-05,100.69,102.74,99.74,102.22,101.85,18475500
2022-10-04,101.04,102.72,101.04,102.41,102.04,22580900
2022-10-03,97.22,99.97,97.02,99.30,98.94,24840000
2022-09-30,97.73,99.49,96.03,96.15,95.81,26277800
2022-09-29,99.30,99.30,96.52,98.09,97.74,21921500
2022-09-28,98.02,101.40,97.80,100.74,100.38,24617000
2022-09-27,99.91,100.46,97.34,98.09,97.74,24225000
2022-09-26,98.61,100.44,98.38,98.81,98.46,22437900
2022-09-23,100.06,100.11,98.01,99.17,98.81,25657000
2022-09-22,99.45,101.68,99.41,100.57,100.21,21272700
2022-09-21,102.24,103.49,99.99,100.01,99.65,26596800
2022-09-20,102.88,103.17,101.12,101.83,101.47,24001700
2022-09-19,102.54,104.02,102.37,103.85,103.48,19738600
2022-09-16,102.97,104.03,101.86,103.63,103.26,64540100
2022-09-15,105.01,106.21,103.31,103.90,103.53,26494900
2022-09-14,105.44,106.10,104.50,105.87,105.49,22115800
2022-09-13,108.89,109.37,105.00,105.31,104.93,33015000
2022-09-12,111.99,112.64,110.93,111.87,111.47,19732900
2022-09-09,110.05,112.00,110.00,111.78,111.38,21732900
2022-09-08,109.18,110.58,108.06,109.42,109.03,21660700
2022-09-07,107.76,110.99,107.61,110.48,110.08,22987200
2022-09-06,108.14,108.88,106.51,107.48,107.10,20565100
2022-09-02,111.34,111.68,108.13,108.68,108.29,20618100
2022-09-01,109.20,111.22,108.19,110.55,110.15,22784400
2022-08-31,111.63,111.77,109.05,109.15,108.76,25898000
2022-08-30,111.03,111.37,108.80,109.91,109.52,20548200
2022-08-29,110.78,111.96,109.81,110.34,109.94,20386100
2022-08-26,115.81,116.60,111.22,111.30,110.90,31698700
2022-08-25,115.15,117.78,115.05,117.70,117.28,14874700
2022-08-24,114.45,115.72,113.78,114.70,114.29,16051200
2022-08-23,114.32,115.93,114.30,114.77,114.36,14390700
2022-08-22,116.10,116.50,114.67,115.07,114.66,19316000
2022-08-19,119.87,120.00,117.67,118.12,117.70,20187000
2022-08-18,120.23,121.69,119.55,120.86,120.43,15652000
2022-08-17,120.93,122.15,120.20,120.32,119.89,17589200
2022-08-16,122.32,123.23,121.54,122.51,122.07,15626200
2022-08-15,122.21,123.26,121.57,122.88,122.44,15525000
2022-08-12,121.16,122.65,120.40,122.65,122.21,16121100
2022-08-11,122.08,122.34,119.55,119.82,119.39,16671600
2022-08-10,119.59,121.78,119.36,120.65,120.22,20497000
2022-08-09,117.99,118.20,116.56,117.50,117.08,15424300
2022-08-08,119.12,120.86,117.83,118.14,117.72,17061100
2022-08-05,116.93,118.86,116.71,118.22,117.80,15615700
2022-08-04,118.30,119.50,117.71,118.87,118.44,15757700
2022-08-03,116.34,119.42,116.15,118.78,118.35,25302800
2022-08-02,114.43,117.08,114.26,115.90,115.49,17911000
2022-08-01,115.53,117.12,114.69,115.48,115.07,22856200
2022-07-29,113.40,116.90,113.23,116.64,116.22,31336200
2022-07-28,112.80,114.70,111.85,114.59,114.18,23303800
2022-07-27,109.60,114.40,108.42,113.60,113.19,41474600
2022-07-26,107.43,107.74,104.76,105.44,105.06,36626600
2022-07-25,108.88,110.58,107.01,108.21,107.82,28289900
2022-07-22,111.81,113.18,107.60,108.36,107.97,44455300
2022-07-21,115.09,115.21,111.91,115.04,114.63,27267800
2022-07-20,114.06,116.33,113.26,114.70,114.29,26780100
2022-07-19,111.73,114.81,110.50,114.62,114.21,30992300
2022-07-18,20:1 Stock Splits
2022-07-18,113.44,114.80,109.30,109.91,109.52,33354000
2022-07-15,112.96,114.00,111.82,112.77,112.36,34330000
2022-07-14,110.83,111.99,109.33,111.44,111.04,32366000
2022-07-13,112.64,115.16,111.82,112.19,111.79,38958000
2022-07-12,116.84,117.85,114.61,114.85,114.44,24970000
2022-07-11,118.65,118.79,116.23,116.52,116.11,26718000
2022-07-08,117.55,120.43,117.51,120.17,119.74,29082000
2022-07-07,116.01,119.86,115.53,119.31,118.88,32184000
2022-07-06,114.09,116.35,112.25,115.21,114.80,28852000
2022-07-05,107.51,114.05,106.25,113.89,113.48,36398000
2022-07-01,108.34,109.81,107.11,109.08,108.69,31028000
2022-06-30,110.50,111.33,107.31,109.37,108.98,38046000
2022-06-29,112.15,113.66,111.55,112.26,111.85,18628000
2022-06-28,116.35,117.86,112.44,112.57,112.17,28232000
2022-06-27,118.93,119.25,116.00,116.62,116.20,32840000
2022-06-24,113.60,118.64,113.60,118.54,118.11,39122000
2022-06-23,112.95,113.20,111.03,112.68,112.28,24710000
2022-06-22,111.16,113.77,110.72,112.03,111.63,23922000
2022-06-21,109.70,112.67,109.29,112.01,111.61,39010000
2022-06-17,106.54,109.25,105.63,107.87,107.48,43516000
2022-06-16,108.15,109.29,105.79,106.64,106.25,35314000
2022-06-15,108.90,112.06,108.12,110.39,110.00,33192000
2022-06-14,106.89,108.46,106.35,107.19,106.81,25480000
2022-06-13,107.45,109.22,106.59,106.88,106.49,36756000
2022-06-10,112.78,113.50,110.86,111.43,111.03,31324000
2022-06-09,116.34,118.35,114.87,114.92,114.51,23142000
2022-06-08,116.88,118.65,116.70,117.24,116.82,22544000
2022-06-07,115.65,117.75,115.13,117.23,116.81,26414000
2022-06-06,116.74,119.40,116.53,117.01,116.59,23786000
2022-06-03,115.99,116.36,113.67,114.56,114.15,25052000
2022-06-02,114.19,117.90,113.31,117.75,117.32,27472000
2022-06-01,114.93,117.40,113.55,114.14,113.73,28630000
2022-05-31,113.08,116.43,112.57,114.04,113.63,51302000
2022-05-27,109.79,112.87,109.55,112.80,112.40,29924000
2022-05-26,106.05,108.96,105.49,108.30,107.91,30288000
2022-05-25,105.14,106.54,104.21,105.84,105.46,37900000
2022-05-24,106.38,106.39,102.21,105.93,105.55,60386000
2022-05-23,110.10,112.01,109.15,111.67,111.27,31558000
2022-05-20,112.09,112.55,106.37,109.31,108.92,37586000
2022-05-19,111.84,113.59,110.47,110.75,110.35,29192000
2022-05-18,115.24,115.70,112.14,112.40,112.00,27982000
2022-05-17,117.23,117.23,115.34,116.70,116.28,21576000
2022-05-16,115.38,116.61,114.33,114.79,114.38,23282000
2022-05-13,114.85,118.08,114.00,116.52,116.10,29738000
2022-05-12,111.94,114.86,110.11,113.16,112.76,41464000
2022-05-11,113.71,116.67,113.65,113.96,113.55,36502000
2022-05-10,116.04,116.69,113.38,114.58,114.17,31158000
2022-05-09,113.30,115.56,112.55,113.08,112.68,34520000
2022-05-06,115.52,117.50,114.14,115.66,115.25,35310000
2022-05-05,120.22,121.23,115.18,116.75,116.33,43090000
2022-05-04,118.00,123.14,115.74,122.57,122.14,33232000
2022-05-03,116.76,119.30,116.63,118.13,117.71,21216000
2022-05-02,113.91,117.34,113.40,117.16,116.74,30280000
2022-04-29,117.58,118.96,114.69,114.97,114.55,33694000
2022-04-28,117.11,120.44,115.14,119.41,118.98,36790000
2022-04-27,114.37,117.50,113.12,115.02,114.61,62238000
2022-04-26,122.75,122.75,119.16,119.51,119.08,49394000
2022-04-25,119.43,123.28,118.77,123.25,122.81,34522000
2022-04-22,125.00,125.45,119.14,119.61,119.19,46410000
2022-04-21,129.35,130.31,124.65,124.94,124.49,30158000
2022-04-20,131.28,131.92,127.89,128.25,127.79,22610000
2022-04-19,128.08,130.90,127.45,130.53,130.06,22720000
2022-04-18,127.41,128.71,126.58,127.96,127.50,14918000
2022-04-14,130.65,130.71,127.11,127.25,126.80,23484000
2022-04-13,128.63,130.66,128.44,130.29,129.82,19542000
2022-04-12,132.42,132.42,127.58,128.37,127.91,23004000
2022-04-11,132.90,132.94,129.62,129.80,129.33,24188000
2022-04-08,136.25,136.25,133.75,134.01,133.53,16434000
2022-04-07,136.62,137.70,134.86,136.46,135.98,19448000
2022-04-06,139.16,139.85,136.42,137.18,136.68,23574000
2022-04-05,143.40,143.59,140.94,141.06,140.56,19256000
2022-04-04,140.82,144.04,140.82,143.64,143.13,19076000
2022-04-01,140.01,140.95,138.80,140.70,140.20,23480000
2022-03-31,142.45,142.64,139.62,139.65,139.15,29516000
2022-03-30,142.87,143.48,142.17,142.64,142.13,21046000
2022-03-29,143.16,144.16,142.48,143.25,142.74,28678000
2022-03-28,140.68,141.98,139.83,141.95,141.44,23774000
2022-03-25,141.75,141.96,139.70,141.52,141.01,19270000
2022-03-24,139.27,141.40,138.04,141.31,140.81,20544000
2022-03-23,139.14,140.02,138.17,138.50,138.01,25302000
2022-03-22,136.50,141.50,136.50,140.28,139.78,29776000
2022-03-21,136.85,137.58,134.61,136.48,135.99,26632000
2022-03-18,133.88,136.91,132.93,136.80,136.31,45900000
2022-03-17,133.32,134.74,132.72,134.60,134.12,23994000
2022-03-16,131.00,133.77,129.20,133.69,133.21,32058000
2022-03-15,127.74,130.52,126.57,129.66,129.20,30292000
2022-03-14,130.57,131.03,126.41,126.74,126.29,30254000
2022-03-11,134.00,134.20,130.30,130.48,130.01,26600000
2022-03-10,131.46,133.54,131.40,132.68,132.21,24266000
2022-03-09,131.40,134.20,130.09,133.87,133.39,32258000
2022-03-08,126.25,131.25,125.86,127.28,126.82,35250000
2022-03-07,131.90,131.90,126.41,126.46,126.01,39178000
2022-03-04,133.38,134.20,130.41,132.12,131.65,24446000
2022-03-03,135.98,136.71,133.43,134.31,133.83,19780000
2022-03-02,134.61,135.62,133.43,134.75,134.27,23966000
2022-03-01,134.48,136.11,133.38,134.17,133.69,24640000
2022-02-28,133.28,135.64,132.83,134.89,134.41,29676000
2022-02-25,133.53,135.39,131.76,134.52,134.04,26236000
2022-02-24,125.00,133.04,124.76,132.67,132.20,43166000
2022-02-23,131.08,131.75,127.50,127.58,127.13,26432000
2022-02-22,129.99,131.90,127.74,129.40,128.94,38906000
2022-02-18,133.04,133.82,130.31,130.47,130.00,31858000
2022-02-17,136.15,136.84,132.20,132.31,131.83,30968000
2022-02-16,136.43,137.95,134.82,137.49,137.00,25610000
2022-02-15,137.47,137.90,135.54,136.43,135.94,26578000
2022-02-14,133.37,136.17,133.30,135.30,134.82,26792000
2022-02-11,138.75,139.28,133.29,134.13,133.65,38808000
2022-02-10,139.50,141.43,138.05,138.60,138.11,33018000
2022-02-09,140.85,142.18,140.38,141.45,140.95,28628000
2022-02-08,138.99,139.84,136.87,139.21,138.71,34256000
2022-02-07,143.71,143.85,138.70,138.94,138.44,44610000
2022-02-04,143.02,144.54,139.82,143.02,142.50,49224000
2022-02-03,145.29,149.12,142.21,142.65,142.14,56930000
2022-02-02,151.86,152.10,145.56,148.04,147.51,89750000
2022-02-01,137.84,138.20,134.57,137.88,137.38,51204000
2022-01-31,134.20,135.84,132.27,135.70,135.21,34056000
2022-01-28,130.00,133.37,128.69,133.29,132.81,30518000
2022-01-27,131.36,132.61,128.95,129.12,128.66,30248000
2022-01-26,130.59,132.81,127.15,129.24,128.78,39630000
2022-01-25,128.44,129.34,126.38,126.74,126.28,36008000
2022-01-24,126.03,130.78,124.64,130.37,129.91,55148000
2022-01-21,133.01,134.76,130.00,130.09,129.63,41920000
2022-01-20,136.51,137.91,133.14,133.51,133.03,21930000
2022-01-19,136.94,138.40,135.50,135.65,135.17,20796000
2022-01-18,136.60,137.39,135.62,136.29,135.80,27382000
2022-01-14,137.50,141.20,137.50,139.79,139.29,23826000
2022-01-13,141.84,143.19,138.91,139.13,138.63,26566000
2022-01-12,141.55,142.81,141.11,141.65,141.14,23642000
2022-01-11,138.18,140.33,136.81,140.02,139.52,23502000
2022-01-10,135.10,138.64,133.14,138.57,138.08,34096000
2022-01-07,137.90,138.25,135.79,137.00,136.51,19408000
2022-01-06,137.50,139.69,136.76,137.55,137.06,29050000
2022-01-05,144.18,144.30,137.52,137.65,137.16,49642000
2022-01-04,145.55,146.61,143.82,144.42,143.90,22928000
2022-01-03,144.48,145.55,143.50,145.07,144.56,25214000
2021-12-31,145.54,146.37,144.68,144.68,144.16,17298000
2021-12-30,146.45,147.06,145.76,146.00,145.48,12978000
2021-12-29,146.43,147.18,145.50,146.50,145.98,17022000
2021-12-28,148.37,148.37,145.94,146.45,145.92,18624000
2021-12-27,147.46,148.43,147.25,148.06,147.53,13256000
2021-12-23,147.09,148.57,146.95,147.14,146.62,13818000
2021-12-22,144.10,147.30,143.96,146.95,146.42,18438000
2021-12-21,143.15,144.69,141.74,144.22,143.70,19548000
2021-12-20,140.68,142.61,140.25,142.40,141.89,20264000
2021-12-17,142.71,144.46,141.79,142.80,142.29,43404000
2021-12-16,148.08,148.55,144.09,144.84,144.32,27400000
2021-12-15,144.37,147.52,142.71,147.37,146.84,27280000
2021-12-14,144.77,145.44,142.24,144.97,144.45,24778000
2021-12-13,148.44,148.56,146.36,146.70,146.18,24104000
2021-12-10,149.10,149.40,147.36,148.68,148.14,21634000
2021-12-09,148.18,149.60,147.53,148.11,147.58,18580000
2021-12-08,148.33,149.16,147.20,148.72,148.19,18964000
2021-12-07,145.95,148.30,145.70,148.04,147.51,23258000
2021-12-06,143.57,144.35,140.65,143.80,143.28,22198000
2021-12-03,144.50,145.21,141.15,142.52,142.01,26688000
2021-12-02,141.82,144.68,140.98,143.78,143.26,21250000
2021-12-01,144.21,146.50,141.50,141.62,141.11,28476000
2021-11-30,145.45,146.63,142.07,142.45,141.94,41590000
2021-11-29,144.30,146.86,144.30,146.11,145.59,26276000
2021-11-26,145.02,145.30,142.49,142.81,142.29,16992000
2021-11-24,146.35,147.00,145.20,146.72,146.19,16464000
2021-11-23,147.11,147.69,144.89,146.76,146.23,18126000
2021-11-22,150.14,150.74,147.01,147.08,146.55,24608000
2021-11-19,151.00,151.85,149.89,149.95,149.42,19766000
2021-11-18,149.15,151.61,149.00,150.71,150.17,26658000
2021-11-17,149.23,149.63,148.56,149.06,148.53,15290000
2021-11-16,149.17,149.83,148.35,149.08,148.54,17254000
2021-11-15,150.00,150.48,148.65,149.39,148.85,16248000
2021-11-12,147.83,149.86,146.45,149.65,149.11,17048000
2021-11-11,147.11,148.50,146.69,146.75,146.22,12464000
2021-11-10,148.01,148.70,145.32,146.63,146.10,22708000
2021-11-09,149.75,150.38,147.51,149.25,148.71,16876000
2021-11-08,150.00,151.03,149.12,149.35,148.82,18388000
2021-11-05,149.35,150.57,148.65,149.24,148.71,20408000
2021-11-04,147.20,149.95,146.63,148.68,148.15,24700000
2021-11-03,146.27,146.91,145.05,146.79,146.26,17886000
2021-11-02,144.81,146.92,144.64,145.86,145.34,21150000
2021-11-01,148.16,148.40,143.58,143.77,143.26,32272000
2021-10-29,145.52,148.61,145.17,148.27,147.74,28954000
2021-10-28,147.30,147.42,144.76,146.13,145.61,32418000
2021-10-27,139.90,149.12,139.90,146.43,145.90,51850000
2021-10-26,140.61,140.84,139.01,139.67,139.17,28258000
2021-10-25,138.81,139.21,136.75,138.77,138.28,21082000
2021-10-22,140.35,141.56,137.17,138.63,138.13,30182000
2021-10-21,142.19,142.85,141.64,142.78,142.27,14850000
2021-10-20,144.22,144.25,141.91,142.41,141.91,17940000
2021-10-19,143.29,144.11,143.10,143.82,143.31,15316000
2021-10-18,141.21,143.00,141.21,142.96,142.45,16564000
2021-10-15,142.20,142.20,141.06,141.68,141.17,21250000
2021-10-14,139.95,141.65,139.34,141.41,140.91,21426000
2021-10-13,137.75,138.55,136.98,137.90,137.41,16380000
2021-10-12,139.64,139.70,136.25,136.71,136.22,22536000
2021-10-11,139.80,140.76,138.81,138.85,138.35,16584000
2021-10-08,139.91,140.32,139.43,140.06,139.55,18924000
2021-10-07,138.86,140.15,138.56,139.19,138.69,18250000
2021-10-06,134.63,137.85,134.49,137.35,136.86,19764000
2021-10-05,134.00,137.36,134.00,136.18,135.69,24126000
2021-10-04,135.70,135.70,131.17,133.76,133.29,31530000
2021-10-01,133.55,137.07,133.38,136.46,135.97,28388000
2021-09-30,134.32,135.59,133.00,133.27,132.79,35294000
2021-09-29,137.11,137.40,134.25,134.52,134.04,26338000
2021-09-28,139.09,139.61,135.70,136.18,135.70,42190000
2021-09-27,141.59,142.50,140.50,141.50,140.99,18844000
2021-09-24,140.95,142.90,140.85,142.63,142.12,14950000
2021-09-23,141.61,142.25,141.10,141.83,141.32,17272000
2021-09-22,140.05,141.58,139.47,140.94,140.43,22068000
2021-09-21,140.12,140.81,138.91,139.65,139.15,18130000
2021-09-20,139.00,139.36,137.05,139.02,138.52,34918000
2021-09-17,143.80,144.25,141.06,141.46,140.96,60040000
2021-09-16,145.12,145.20,143.42,144.37,143.86,20292000
2021-09-15,143.76,145.58,142.26,145.21,144.69,20648000
2021-09-14,144.16,144.73,142.91,143.41,142.89,18916000
2021-09-13,143.20,144.19,142.28,143.46,142.95,20176000
2021-09-10,145.44,146.02,141.74,141.92,141.41,32896000
2021-09-09,144.88,145.67,144.43,144.91,144.39,14798000
2021-09-08,145.39,145.55,144.20,144.88,144.36,15486000
2021-09-07,144.75,145.82,144.54,145.52,145.00,15170000
2021-09-03,144.15,145.38,143.51,144.77,144.26,19104000
2021-09-02,145.95,146.32,144.11,144.22,143.70,21844000
2021-09-01,145.65,146.82,145.61,145.84,145.32,15824000
2021-08-31,145.88,146.11,145.00,145.46,144.94,26756000
2021-08-30,144.70,146.49,144.60,145.47,144.95,16916000
2021-08-27,142.11,145.01,142.02,144.55,144.03,24562000
2021-08-26,142.62,143.13,142.09,142.12,141.61,14922000
2021-08-25,142.88,143.31,142.44,142.95,142.44,12838000
2021-08-24,141.54,143.01,141.35,142.40,141.89,15126000
2021-08-23,139.00,142.18,138.75,141.10,140.59,21090000
2021-08-20,137.08,138.61,136.47,138.44,137.94,15564000
2021-08-19,135.47,137.45,135.36,136.91,136.42,18296000
2021-08-18,137.12,138.29,136.42,136.57,136.08,14934000
2021-08-17,138.19,138.72,136.79,137.30,136.81,21272000
2021-08-16,138.00,138.99,136.17,138.92,138.42,18040000
2021-08-13,138.36,138.67,138.01,138.41,137.91,12580000
2021-08-12,137.71,138.42,136.78,138.39,137.89,14646000
2021-08-11,138.28,138.85,137.35,137.69,137.20,15204000
2021-08-10,138.08,138.55,137.23,138.10,137.60,16034000
2021-08-09,136.95,138.32,136.43,138.00,137.51,12374000
2021-08-06,136.29,137.08,136.05,137.04,136.55,13560000
2021-08-05,136.03,136.95,135.60,136.94,136.45,11866000
2021-08-04,136.25,136.54,135.41,136.03,135.54,16528000
2021-08-03,136.00,136.34,134.18,136.28,135.79,19064000
2021-08-02,135.48,136.02,134.67,135.99,135.50,20140000
2021-07-30,135.51,135.77,134.81,135.22,134.74,23954000
2021-07-29,136.38,137.15,136.14,136.54,136.05,19284000
2021-07-28,138.56,139.68,136.35,136.38,135.89,54688000
2021-07-27,140.01,140.01,135.10,136.80,136.31,42164000
2021-07-26,138.25,139.71,137.65,139.64,139.14,23052000
2021-07-23,135.26,138.81,134.70,137.82,137.32,26378000
2021-07-22,132.65,133.50,132.40,133.33,132.85,13608000
2021-07-21,130.79,132.62,130.60,132.60,132.13,14742000
2021-07-20,130.00,132.00,129.19,131.10,130.63,19084000
2021-07-19,131.16,131.25,128.54,129.25,128.79,25710000
2021-07-16,131.64,132.18,130.82,131.85,131.37,14856000
2021-07-15,132.50,132.60,130.60,131.27,130.80,16586000
2021-07-14,131.90,133.00,131.90,132.08,131.61,17912000
2021-07-13,130.88,132.04,130.64,130.99,130.53,16618000
2021-07-12,129.83,130.77,129.60,130.56,130.10,16944000
2021-07-09,128.94,129.85,128.94,129.57,129.11,15106000
2021-07-08,128.25,130.03,128.04,129.18,128.71,19780000
2021-07-07,130.34,130.64,129.76,130.08,129.61,16680000
2021-07-06,129.45,129.88,128.41,129.77,129.31,21350000
2021-07-02,126.84,128.85,126.77,128.72,128.26,21160000
2021-07-01,124.85,126.46,124.85,126.37,125.92,17120000
2021-06-30,125.65,125.80,124.76,125.32,124.87,24006000
2021-06-29,126.77,127.00,125.44,126.02,125.57,20950000
2021-06-28,127.00,127.34,125.97,126.82,126.37,28110000
2021-06-25,126.96,127.50,126.44,127.00,126.54,33484000
2021-06-24,127.05,127.54,126.96,127.28,126.83,18934000
2021-06-23,126.55,127.80,126.25,126.46,126.01,19694000
2021-06-22,126.45,127.27,126.03,127.00,126.54,20984000
2021-06-21,125.74,127.04,125.13,126.46,126.00,26256000
2021-06-18,125.71,126.39,124.60,125.57,125.12,53306000
2021-06-17,125.52,127.20,125.51,126.37,125.92,25756000
2021-06-16,126.25,126.52,124.15,125.70,125.25,26316000
2021-06-15,126.52,126.86,125.65,126.03,125.58,22182000
2021-06-14,125.67,126.41,125.05,126.35,125.90,22550000
2021-06-11,126.25,126.35,124.91,125.70,125.25,25240000
2021-06-10,124.70,126.16,124.70,126.08,125.63,31234000
2021-06-09,124.97,125.25,124.37,124.57,124.12,20126000
2021-06-08,124.00,124.72,123.41,124.14,123.70,25060000
2021-06-07,122.57,123.40,122.05,123.30,122.86,23850000
2021-06-04,121.13,122.69,120.89,122.59,122.15,25948000
2021-06-03,119.75,120.49,119.14,120.23,119.80,18346000
2021-06-02,121.77,122.10,120.21,121.06,120.63,17158000
2021-06-01,121.10,121.90,120.24,121.49,121.06,19166000
2021-05-28,121.10,121.41,120.38,120.58,120.15,24108000
2021-05-27,121.85,122.00,120.10,120.13,119.70,38962000
2021-05-26,120.64,122.15,120.63,121.68,121.24,21856000
2021-05-25,121.00,121.64,120.15,120.45,120.02,18838000
2021-05-24,118.35,120.92,118.01,120.33,119.90,21244000
2021-05-21,118.30,118.45,117.12,117.25,116.84,22832000
2021-05-20,116.40,118.02,116.05,117.80,117.38,23832000
2021-05-19,113.22,115.84,113.18,115.44,115.02,19350000
2021-05-18,116.85,117.16,115.16,115.17,114.76,17302000
2021-05-17,115.47,116.17,114.75,116.07,115.65,19842000
2021-05-14,114.59,116.06,114.17,115.81,115.39,26624000
2021-05-13,113.05,113.83,112.14,113.10,112.69,26670000
2021-05-12,113.09,114.27,111.50,111.95,111.55,34934000
2021-05-11,114.59,116.10,114.15,115.44,115.02,32110000
2021-05-10,118.74,118.90,116.74,117.08,116.66,26006000
2021-05-07,120.00,120.82,119.50,119.93,119.51,23272000
2021-05-06,117.53,119.14,117.12,119.07,118.64,20618000
2021-05-05,118.42,119.11,117.57,117.84,117.42,21806000
2021-05-04,118.49,118.96,115.58,117.71,117.29,35120000
2021-05-03,120.14,120.99,119.22,119.76,119.33,33788000
2021-04-30,120.22,121.36,120.11,120.51,120.07,39142000
2021-04-29,120.52,121.83,120.11,121.49,121.06,39554000
2021-04-28,120.36,122.62,118.74,119.00,118.57,59728000
2021-04-27,116.80,116.87,115.21,115.36,114.94,31972000
2021-04-26,116.00,117.06,115.69,116.34,115.92,20834000
2021-04-23,114.17,116.29,113.91,115.76,115.35,28670000
2021-04-22,114.66,115.19,112.82,113.40,112.99,21096000
2021-04-21,114.26,114.77,112.93,114.66,114.25,23930000
2021-04-20,115.39,115.48,113.59,114.68,114.27,21774000
2021-04-19,114.60,115.92,114.39,115.12,114.71,24688000
2021-04-16,115.15,115.32,114.22,114.89,114.48,22596000
2021-04-15,113.85,115.33,113.30,114.83,114.42,27472000
2021-04-14,113.76,113.90,112.46,112.74,112.34,20220000
2021-04-13,113.07,113.86,112.80,113.36,112.96,23310000
2021-04-12,113.31,113.77,111.92,112.74,112.34,31318000
2021-04-09,112.83,114.45,112.69,114.29,113.88,20888000
2021-04-08,113.90,114.20,112.88,113.27,112.87,27166000
2021-04-07,111.31,112.75,111.27,112.48,112.08,25798000
2021-04-06,111.13,111.88,110.74,111.24,110.84,27060000
2021-04-05,107.65,111.87,107.58,111.28,110.88,43298000
2021-04-01,104.90,107.15,104.84,106.89,106.50,33980000
2021-03-31,102.96,104.67,102.84,103.43,103.06,29198000
2021-03-30,102.88,103.54,102.20,102.78,102.41,20732000
2021-03-29,101.39,102.92,100.78,102.80,102.43,24596000
2021-03-26,101.94,102.55,100.70,101.78,101.41,29870000
2021-03-25,102.24,102.94,100.54,102.22,101.85,28378000
2021-03-24,103.27,103.91,102.08,102.25,101.89,23080000
2021-03-23,102.58,103.62,101.96,102.65,102.28,27340000
2021-03-22,102.09,102.90,101.30,101.93,101.56,39096000
2021-03-19,102.10,102.65,100.88,102.16,101.79,46298000
2021-03-18,103.05,103.78,101.68,101.81,101.45,27228000
2021-03-17,103.80,105.49,102.70,104.55,104.18,25980000
2021-03-16,103.95,106.18,103.50,104.63,104.25,29832000
2021-03-15,103.11,103.35,102.18,103.32,102.95,25962000
2021-03-12,104.25,104.51,102.38,103.10,102.73,34516000
2021-03-11,103.70,106.29,103.62,105.74,105.36,24782000
2021-03-10,103.59,103.75,101.67,102.75,102.38,25372000
2021-03-09,103.50,103.90,102.39,102.64,102.27,33946000
2021-03-08,105.06,106.44,101.08,101.21,100.85,32948000
2021-03-05,103.66,105.91,102.32,105.43,105.05,43904000
2021-03-04,101.17,104.46,101.01,102.45,102.09,42360000
2021-03-03,103.36,104.43,100.50,101.34,100.97,29684000
2021-03-02,103.81,105.22,103.56,103.79,103.42,22692000
2021-03-01,102.83,104.33,102.31,104.08,103.70,28090000
2021-02-26,102.53,103.55,100.80,101.84,101.48,41670000
2021-02-25,103.37,104.74,101.06,101.57,101.20,36568000
2021-02-24,102.09,105.04,101.91,104.76,104.38,24966000
2021-02-23,101.25,104.10,100.10,103.54,103.17,33348000
2021-02-22,103.35,104.57,103.11,103.24,102.87,27350000
2021-02-19,105.96,106.53,104.87,105.06,104.68,29148000
2021-02-18,105.52,106.64,105.19,105.86,105.48,22432000
2021-02-17,105.00,106.68,104.95,106.42,106.03,21418000
2021-02-16,105.22,107.63,105.22,106.10,105.72,22676000
2021-02-12,104.51,105.44,104.16,105.21,104.83,17114000
2021-02-11,104.98,105.10,103.87,104.79,104.42,18914000
2021-02-10,104.71,105.42,103.15,104.77,104.39,22710000
2021-02-09,103.93,105.26,103.93,104.18,103.80,17798000
2021-02-08,105.30,106.18,103.60,104.65,104.27,24838000
2021-02-05,103.50,105.13,102.97,104.90,104.52,30702000
2021-02-04,103.44,103.93,102.13,103.12,102.75,37046000
2021-02-03,103.65,105.82,100.92,103.50,103.13,82364000
2021-02-02,96.13,97.79,95.72,96.38,96.03,45474000
2021-02-01,92.68,96.12,92.55,95.07,94.73,32044000
2021-01-29,92.31,92.86,90.51,91.79,91.46,32252000
2021-01-28,92.20,94.94,92.13,93.16,92.82,35462000
2021-01-27,94.13,94.50,90.45,91.54,91.21,54966000
2021-01-26,94.44,96.25,94.21,95.86,95.52,26262000
2021-01-25,96.03,96.48,93.38,94.97,94.63,38546000
2021-01-22,94.78,95.55,94.09,95.05,94.71,25442000
2021-01-21,94.90,96.74,94.36,94.56,94.22,41278000
2021-01-20,91.57,95.19,91.28,94.35,94.01,49806000
2021-01-19,87.61,90.46,87.07,89.54,89.22,34692000
2021-01-15,86.91,87.80,86.08,86.81,86.50,26844000
2021-01-14,87.68,88.75,86.67,87.01,86.70,23590000
2021-01-13,86.93,88.25,86.90,87.72,87.41,21882000
2021-01-12,87.70,88.90,86.27,87.33,87.01,27140000
2021-01-11,89.30,89.72,88.03,88.34,88.02,24194000
2021-01-08,89.40,90.49,88.68,90.36,90.04,41012000
2021-01-07,87.00,89.42,86.85,89.36,89.04,45300000
2021-01-06,85.13,87.40,84.95,86.76,86.45,52042000
2021-01-05,86.25,87.38,85.90,87.05,86.73,22906000
2021-01-04,87.88,88.03,85.39,86.41,86.10,38038000
2020-12-31,86.77,87.95,86.77,87.59,87.28,20238000
2020-12-30,88.10,88.25,86.28,86.98,86.66,26122000
2020-12-29,89.39,89.62,87.80,87.94,87.62,25988000
2020-12-28,87.58,89.54,87.32,88.80,88.49,27860000
2020-12-24,86.75,87.30,86.46,86.94,86.63,6936000
2020-12-23,86.41,87.40,86.25,86.62,86.31,20676000
2020-12-22,86.72,86.87,85.63,86.18,85.87,18734000
2020-12-21,85.68,87.04,84.95,86.97,86.66,36568000
2020-12-18,87.71,87.76,86.01,86.55,86.24,80328000
2020-12-17,88.43,88.59,86.93,87.39,87.08,32494000
2020-12-16,88.64,88.65,87.80,88.15,87.83,30270000
2020-12-15,88.22,88.57,87.50,88.39,88.07,29646000
2020-12-14,88.75,89.87,87.86,88.00,87.69,32004000
2020-12-11,88.15,89.22,88.00,89.09,88.77,24414000
2020-12-10,88.49,89.07,87.02,88.77,88.45,27256000
2020-12-09,90.60,91.71,88.39,89.21,88.89,30152000
2020-12-08,90.50,91.10,89.81,90.93,90.60,21926000
2020-12-07,90.95,91.62,90.29,90.97,90.65,26418000
2020-12-04,91.23,91.66,90.85,91.40,91.07,27564000
2020-12-03,91.20,92.36,91.13,91.34,91.01,24546000
2020-12-02,89.90,91.78,89.47,91.40,91.07,24440000
2020-12-01,88.72,91.24,88.47,89.90,89.58,34738000
2020-11-30,89.06,89.40,87.75,88.04,87.72,36476000
2020-11-27,88.65,90.20,88.62,89.66,89.34,17698000
2020-11-25,88.64,88.93,87.83,88.57,88.25,20916000
2020-11-24,86.53,88.58,86.38,88.44,88.13,31560000
2020-11-23,87.48,87.69,85.89,86.74,86.43,43232000
2020-11-20,88.26,88.70,87.09,87.11,86.80,46270000
2020-11-19,86.92,88.48,86.85,88.20,87.88,24998000
2020-11-18,88.26,88.67,87.31,87.34,87.03,23470000
2020-11-17,88.85,89.25,88.35,88.51,88.19,22942000
2020-11-16,88.58,89.95,88.38,89.07,88.75,24936000
2020-11-13,87.88,89.05,87.23,88.85,88.53,29998000
2020-11-12,87.38,88.41,87.28,87.49,87.18,24950000
2020-11-11,87.50,88.21,87.37,87.64,87.32,25280000
2020-11-10,86.55,88.15,85.86,87.02,86.71,52722000
2020-11-09,89.54,90.90,88.00,88.15,87.83,45366000
2020-11-06,87.70,88.62,87.02,88.09,87.77,33218000
2020-11-05,89.05,89.68,87.53,88.17,87.85,41316000
2020-11-04,85.51,88.57,85.30,87.46,87.14,71418000
2020-11-03,81.59,83.08,80.83,82.51,82.22,33234000
2020-11-02,81.41,83.04,80.80,81.30,81.01,50708000
2020-10-30,83.61,84.35,80.22,81.05,80.76,86582000
2020-10-29,76.12,79.69,76.11,78.36,78.08,40062000
2020-10-28,77.99,78.07,75.73,75.83,75.56,36680000
2020-10-27,79.78,80.34,79.14,80.21,79.93,24580000
2020-10-26,81.25,81.91,78.82,79.52,79.24,37066000
2020-10-23,81.30,82.12,81.03,82.05,81.76,27516000
2020-10-22,79.65,81.10,79.25,80.77,80.48,28672000
2020-10-21,78.67,80.94,78.58,79.67,79.38,51366000
2020-10-20,76.35,78.88,76.28,77.80,77.52,44834000
2020-10-19,79.02,79.41,76.40,76.73,76.46,32142000
2020-10-16,78.29,79.06,78.15,78.65,78.37,28694000
2020-10-15,77.36,78.76,77.25,77.96,77.68,30800000
2020-10-14,78.93,79.38,77.53,78.40,78.12,38586000
2020-10-13,79.19,79.50,78.16,78.58,78.30,32020000
2020-10-12,77.15,79.69,76.63,78.46,78.18,49652000
2020-10-09,74.74,75.83,74.47,75.76,75.49,28706000
2020-10-08,73.25,74.50,73.25,74.30,74.03,23756000
2020-10-07,73.21,73.45,71.80,73.01,72.75,34924000
2020-10-06,73.78,74.34,72.43,72.67,72.41,24908000
2020-10-05,73.31,74.41,73.21,74.30,74.03,22266000
2020-10-02,73.10,74.16,72.55,72.92,72.66,25682000
2020-10-01,74.21,74.95,73.96,74.50,74.24,35590000
2020-09-30,73.34,74.49,72.99,73.48,73.22,34032000
2020-09-29,73.52,73.83,72.94,73.47,73.20,19564000
2020-09-28,73.71,73.84,72.47,73.23,72.96,40158000
2020-09-25,71.63,72.50,70.67,72.25,71.99,26460000
2020-09-24,70.55,72.19,70.49,71.41,71.16,29004000
2020-09-23,72.94,73.05,70.39,70.76,70.51,33148000
2020-09-22,72.50,73.48,71.73,73.27,73.01,31664000
2020-09-21,72.00,72.42,70.33,71.56,71.30,57776000
2020-09-18,74.90,75.15,71.86,73.00,72.74,62078000
2020-09-17,74.80,75.41,73.50,74.78,74.51,37596000
2020-09-16,77.78,78.10,75.99,76.04,75.77,26234000
2020-09-15,76.80,77.98,76.59,77.07,76.80,26622000
2020-09-14,76.95,78.20,75.79,75.96,75.69,33932000
2020-09-11,76.80,78.76,74.87,76.04,75.76,31942000
2020-09-10,78.03,79.20,76.29,76.60,76.33,32372000
2020-09-09,77.88,78.45,76.80,77.85,77.57,35494000
2020-09-08,76.68,78.19,76.40,76.62,76.35,52218000
2020-09-04,81.21,82.26,77.38,79.55,79.27,52172000
2020-09-03,85.49,85.49,80.75,82.09,81.80,62156000
2020-09-02,83.69,86.66,83.32,86.41,86.10,50224000
2020-09-01,81.83,83.29,81.61,83.04,82.74,36506000
2020-08-31,82.39,82.40,81.52,81.71,81.42,36468000
2020-08-28,81.67,82.36,81.54,82.22,81.93,29980000
2020-08-27,82.68,82.75,81.29,81.72,81.42,37232000
2020-08-26,80.40,82.96,80.18,82.62,82.32,79868000
2020-08-25,79.10,80.58,79.10,80.41,80.12,44942000
2020-08-24,79.70,80.71,79.03,79.41,79.13,28198000
2020-08-21,78.85,79.89,78.40,79.02,78.74,28930000
2020-08-20,77.17,79.29,76.91,79.09,78.80,34138000
2020-08-19,77.67,78.68,77.20,77.38,77.10,33212000
2020-08-18,76.31,78.12,76.19,77.93,77.65,40542000
2020-08-17,75.73,76.28,75.40,75.90,75.63,27566000
2020-08-14,75.78,76.10,75.14,75.39,75.12,27096000
2020-08-13,75.52,76.86,75.40,75.92,75.65,29104000
2020-08-12,74.28,75.62,74.26,75.33,75.06,28740000
2020-08-11,74.62,75.50,73.90,74.02,73.75,29088000
2020-08-10,74.36,75.20,73.65,74.81,74.54,25786000
2020-08-07,75.00,75.84,74.08,74.72,74.46,31556000
2020-08-06,73.59,75.12,73.30,75.00,74.74,39908000
2020-08-05,73.46,74.12,73.17,73.68,73.42,39590000
2020-08-04,73.83,74.28,72.93,73.25,72.99,38070000
2020-08-03,74.33,74.52,73.28,73.72,73.46,46604000
2020-07-31,75.25,75.45,72.70,74.15,73.88,68798000
2020-07-30,74.85,76.89,74.61,76.57,76.30,33428000
2020-07-29,75.32,76.56,75.07,76.10,75.83,22130000
2020-07-28,76.26,76.32,74.88,75.02,74.75,34044000
2020-07-27,75.78,77.05,75.76,76.51,76.24,24920000
2020-07-24,74.95,75.88,74.42,75.59,75.32,30880000
2020-07-23,78.35,78.59,75.37,75.78,75.51,32552000
2020-07-22,78.03,78.50,77.31,78.42,78.14,18640000
2020-07-21,79.35,79.35,77.71,77.92,77.64,24324000
2020-07-20,75.76,78.51,75.18,78.29,78.01,31146000
2020-07-17,76.08,76.17,74.92,75.78,75.51,29134000
2020-07-16,75.00,75.93,74.32,75.90,75.63,30386000
2020-07-15,76.16,76.77,74.90,75.68,75.41,32214000
2020-07-14,74.52,76.15,74.18,76.03,75.76,31700000
2020-07-13,77.50,78.86,75.26,75.57,75.30,36928000
2020-07-10,75.31,77.19,74.83,77.09,76.81,37126000
2020-07-09,75.32,76.14,74.40,75.55,75.28,28466000
2020-07-08,74.72,75.29,74.28,74.80,74.53,24994000
2020-07-07,74.50,75.84,74.18,74.26,73.99,29164000
2020-07-06,74.00,75.33,73.64,74.79,74.52,31280000
2020-07-02,72.35,74.15,72.32,73.24,72.97,37182000
2020-07-01,70.56,72.15,70.49,71.90,71.64,35504000
2020-06-30,69.52,70.93,69.20,70.68,70.43,40848000
2020-06-29,67.91,69.78,67.35,69.75,69.50,36204000
2020-06-26,71.57,71.67,67.60,68.00,67.75,85354000
2020-06-25,71.50,72.14,71.00,72.07,71.81,24610000
2020-06-24,73.08,73.77,71.49,71.60,71.34,35120000
2020-06-23,72.78,73.80,72.26,73.22,72.96,28596000
2020-06-22,71.45,72.64,71.16,72.59,72.33,30848000
2020-06-19,72.20,72.39,71.07,71.59,71.33,63158000
2020-06-18,72.46,72.57,71.35,71.80,71.54,31638000
2020-06-17,72.36,73.00,71.57,72.56,72.30,30992000
2020-06-16,72.26,72.75,71.29,72.14,71.88,34184000
2020-06-15,69.54,71.24,69.40,70.99,70.74,30078000
2020-06-12,71.42,71.85,69.30,70.66,70.41,38928000
2020-06-11,72.12,72.72,70.10,70.19,69.94,39826000
2020-06-10,72.98,73.71,72.81,73.29,73.03,30504000
2020-06-09,72.27,73.40,72.16,72.81,72.55,28184000
2020-06-08,71.12,72.40,71.12,72.33,72.07,28084000
2020-06-05,70.66,72.25,70.30,71.92,71.66,34698000
2020-06-04,71.52,71.95,70.24,70.61,70.36,29686000
2020-06-03,71.92,72.33,71.49,71.82,71.56,25124000
2020-06-02,71.53,71.98,70.94,71.96,71.70,25562000
2020-06-01,70.92,71.90,70.90,71.59,71.33,24342000
2020-05-29,70.85,71.63,70.67,71.45,71.19,36418000
2020-05-28,69.84,72.04,69.80,70.84,70.58,33844000
2020-05-27,70.86,71.09,69.56,70.89,70.64,33716000
2020-05-26,71.86,72.05,70.61,70.85,70.60,41212000
2020-05-22,69.84,70.64,69.59,70.52,70.27,26188000
2020-05-21,70.40,70.77,69.67,70.14,69.89,27700000
2020-05-20,69.48,70.52,69.36,70.34,70.08,33108000
2020-05-19,69.35,69.60,68.67,68.67,68.43,25612000
2020-05-18,68.09,69.62,67.71,69.20,68.95,36448000
2020-05-15,67.50,68.72,66.95,68.66,68.41,34154000
2020-05-14,66.75,67.87,66.20,67.81,67.56,32062000
2020-05-13,68.85,69.27,66.42,67.47,67.22,36252000
2020-05-12,70.36,70.75,68.74,68.79,68.54,27812000
2020-05-11,68.91,70.83,68.86,70.16,69.91,28242000
2020-05-08,69.16,69.94,68.77,69.42,69.17,27738000
2020-05-07,68.30,68.88,67.76,68.63,68.38,27952000
2020-05-06,68.08,68.56,67.36,67.36,67.12,24308000
2020-05-05,66.90,68.70,66.87,67.56,67.31,33030000
2020-05-04,65.41,66.38,64.95,66.34,66.10,30080000
2020-05-01,66.43,67.60,65.55,66.03,65.79,41450000
2020-04-30,66.24,67.64,66.12,67.43,67.19,53378000
2020-04-29,67.07,68.00,66.27,67.07,66.83,75872000
2020-04-28,64.40,64.40,61.61,61.68,61.46,59026000
2020-04-27,64.80,64.81,63.45,63.79,63.57,32012000
2020-04-24,63.06,64.02,62.47,63.97,63.74,32792000
2020-04-23,63.58,64.67,63.28,63.82,63.59,31324000
2020-04-22,62.28,64.28,62.10,63.16,62.93,41848000
2020-04-21,62.35,62.71,60.49,60.82,60.60,43060000
2020-04-20,63.55,64.08,63.07,63.33,63.10,33910000
2020-04-17,64.24,64.72,63.56,64.16,63.93,38980000
2020-04-16,63.71,63.95,62.13,63.17,62.95,50362000
2020-04-15,62.28,64.02,62.02,63.12,62.90,33434000
2020-04-14,62.25,64.10,61.85,63.46,63.23,49408000
2020-04-13,60.46,61.03,59.38,60.88,60.66,34796000
2020-04-09,61.20,61.28,59.84,60.57,60.36,43508000
2020-04-08,60.33,60.95,59.41,60.51,60.30,39502000
2020-04-07,61.05,61.25,59.11,59.33,59.11,47746000
2020-04-06,56.90,59.73,56.55,59.35,59.13,53294000
2020-04-03,55.95,56.18,53.99,54.89,54.70,46268000
2020-04-02,54.91,56.34,54.82,56.04,55.84,39298000
2020-04-01,56.10,56.48,54.87,55.28,55.08,46884000
2020-03-31,57.37,58.77,56.91,58.14,57.93,49728000
2020-03-30,56.25,57.58,54.82,57.34,57.14,51482000
2020-03-27,56.28,57.53,55.30,55.54,55.34,64170000
2020-03-26,55.59,58.50,54.68,58.09,57.88,71434000
2020-03-25,56.32,57.44,54.30,55.12,54.93,81630000
2020-03-24,55.19,56.75,54.53,56.72,56.52,66890000
2020-03-23,53.07,53.57,50.68,52.83,52.64,80882000
2020-03-20,56.79,57.20,53.27,53.62,53.42,72036000
2020-03-19,54.65,57.90,53.01,55.76,55.56,73022000
2020-03-18,52.83,55.33,51.86,54.84,54.64,84668000
2020-03-17,54.66,56.54,52.80,55.99,55.79,77230000
2020-03-16,54.80,57.61,53.72,54.22,54.02,85048000
2020-03-13,58.95,60.99,55.86,60.99,60.77,74002000
2020-03-12,56.30,59.69,55.67,55.75,55.55,84534000
2020-03-11,62.49,63.05,59.80,60.77,60.55,52170000
2020-03-10,63.00,64.06,60.94,64.02,63.79,52228000
2020-03-09,60.26,62.74,60.00,60.78,60.56,67308000
2020-03-06,63.85,65.31,63.05,64.92,64.69,53212000
2020-03-05,67.51,67.95,65.25,65.95,65.72,51226000
2020-03-04,67.96,69.40,67.16,69.33,69.08,38266000
2020-03-03,69.97,70.51,66.60,67.07,66.83,48046000
2020-03-02,67.58,69.54,66.34,69.46,69.21,48630000
2020-02-28,63.88,67.06,63.55,66.97,66.73,75782000
2020-02-27,68.10,68.59,65.86,65.90,65.67,59566000
2020-02-26,69.81,70.79,68.95,69.66,69.41,44048000
2020-02-25,71.65,71.91,69.12,69.42,69.17,49566000
2020-02-24,71.31,71.85,70.57,71.08,70.83,57342000
2020-02-21,75.40,75.61,74.02,74.26,73.99,34634000
2020-02-20,76.10,76.48,75.34,75.91,75.64,21932000
2020-02-19,76.25,76.61,76.07,76.33,76.06,18986000
2020-02-18,75.75,76.58,75.63,75.98,75.71,22414000
2020-02-14,75.78,76.04,75.37,76.04,75.76,23956000
2020-02-13,75.63,76.36,75.23,75.73,75.46,18590000
2020-02-12,75.72,76.03,75.41,75.91,75.64,23352000
2020-02-11,75.59,76.48,75.28,75.44,75.17,26892000
2020-02-10,73.72,75.47,73.72,75.43,75.16,28398000
2020-02-07,73.36,74.29,73.32,73.96,73.70,23446000
2020-02-06,72.52,74.10,72.48,73.81,73.55,33588000
2020-02-05,73.12,73.19,71.53,72.41,72.15,39724000
2020-02-04,72.85,73.47,71.32,72.35,72.09,78660000
2020-02-03,73.10,74.50,72.95,74.30,74.03,60736000
2020-01-31,73.44,73.51,71.43,71.71,71.45,48344000
2020-01-30,72.00,72.86,71.82,72.79,72.53,26788000
2020-01-29,72.94,73.27,72.34,72.93,72.67,21554000
2020-01-28,72.15,72.80,71.62,72.63,72.37,31548000
2020-01-27,71.55,71.90,71.06,71.69,71.44,35104000
2020-01-24,74.68,74.77,73.26,73.34,73.07,35692000
2020-01-23,74.38,74.78,74.11,74.33,74.07,27024000
2020-01-22,74.55,75.16,74.25,74.30,74.03,32216000
2020-01-21,73.96,74.59,73.56,74.22,73.95,40734000
2020-01-17,73.15,74.06,72.91,74.02,73.75,47924000
2020-01-16,72.37,72.60,72.05,72.58,72.33,23474000
2020-01-15,71.51,72.07,71.51,71.96,71.70,25654000
2020-01-14,71.95,72.09,71.42,71.54,71.29,31178000
2020-01-13,71.81,72.03,71.30,71.96,71.70,33046000
2020-01-10,71.38,71.75,70.92,71.49,71.23,36414000
2020-01-09,71.03,71.37,70.51,70.99,70.74,30018000
2020-01-08,69.60,70.58,69.54,70.22,69.96,30560000
2020-01-07,69.90,70.15,69.52,69.67,69.42,30054000
2020-01-06,67.50,69.82,67.50,69.71,69.46,34646000